duration_sec,packet_count,total_bytes,median_pkt_size,p10_size,p25_size,p75_size,p90_size,size_variance,up_down_ratio,pct_packets_under_100b,packets_smaller_equal_66b_per_min
0.01,98,20472,162.0,66.0,66.0,162.0,278.79999999999995,66714.7038733861,0.13481152993348117,0.30612244897959184,162000.0
8.35,29263,5558235,162.0,66.0,66.0,162.0,242.0,119823.8647483868,1.6763870591226366,0.33260431261319756,68155.68862275449
4.35,15631,2887721,162.0,66.0,66.0,162.0,242.0,114751.990353482,0.9707047724598792,0.3462350457424349,73075.86206896552
9.39,35540,7403253,162.0,66.0,66.0,162.0,258.0,136395.29217033111,1.3124427219110126,0.32470455824423183,71961.66134185303
0.02,9,690,66.0,66.0,66.0,66.0,85.20000000000002,910.2222222222222,0.23655913978494625,0.8888888888888888,24000.0
0.2,163,111334,162.0,66.0,66.0,274.0,2962.0,1244537.833414882,11.14641064804713,0.37423312883435583,18300.0
2.14,3451,997091,162.0,66.0,66.0,162.0,290.0,414247.76243926975,2.804282384002869,0.43755433207765865,41859.81308411215
5.98,31323,7040149,162.0,66.0,66.0,162.0,258.0,275553.41396809067,1.3930310563988773,0.31740254764869263,96913.04347826086
9.02,30053,6054743,162.0,66.0,66.0,162.0,242.0,145920.9886556133,1.6378483479964137,0.33537417229561106,65454.54545454546
7.41,11099,2157756,162.0,66.0,66.0,162.0,226.0,170728.58426361554,1.6632814399638602,0.43093972429948646,38372.46963562753
1.3,10403,1784671,162.0,66.0,66.0,162.0,242.0,42405.68806887305,1.0618781453770756,0.31365952129193503,147000.0
6.57,16293,3344022,162.0,66.0,66.0,162.0,242.0,188687.2485105911,2.0059030009393384,0.3784447308660161,55744.292237442925
3.67,5713,906988,162.0,66.0,66.0,162.0,162.0,84691.08281777191,1.4423679703572851,0.44705058638193595,41395.09536784741
7.28,25821,5237831,162.0,66.0,66.0,162.0,242.0,131136.61056143919,1.1011644228250461,0.3360830331900391,68670.32967032967
4.32,6827,1525945,162.0,66.0,66.0,162.0,274.0,130103.786869998,0.3672570455252078,0.44367950783653143,41986.11111111111
2.54,10906,1955907,162.0,66.0,66.0,162.0,258.0,49283.525879009285,0.9416167010800508,0.31643132220795894,79984.25196850393
5.0,19095,3113273,162.0,66.0,66.0,162.0,242.0,52952.56986024249,1.115278335483757,0.33930348258706466,76212.0
9.71,37101,6088915,162.0,66.0,66.0,162.0,242.0,40507.23006762066,1.179734876960858,0.31993746799277645,72370.75180226569
9.76,32198,6270058,162.0,66.0,66.0,162.0,242.0,137545.5473176192,1.598399698969684,0.34971116218398657,66768.44262295082
7.63,14002,2480003,162.0,66.0,66.0,162.0,242.0,119886.89535774176,1.6071511546616963,0.41179831452649623,44885.97640891218
4.41,20060,3940628,162.0,66.0,66.0,162.0,242.0,115775.7342816416,1.312071726167601,0.3174975074775673,82489.79591836735
9.73,16569,2413584,162.0,66.0,66.0,162.0,162.0,38748.10555460648,1.1740219943739512,0.4248295008751283,42918.80781089414
2.51,19705,3226044,162.0,66.0,66.0,162.0,242.0,31397.61908844108,1.0038324481020064,0.31240801826947473,142948.20717131477
0.39,1834,277048,162.0,66.0,66.0,162.0,242.0,20420.197881052078,1.0939625721800648,0.33151581243184297,92461.53846153845
7.81,14637,3446967,162.0,66.0,66.0,162.0,274.0,211241.35472448423,0.9746218279433145,0.4066407050625128,45434.05889884764
0.1,98,10836,66.0,66.0,66.0,162.0,162.0,2864.326530612246,0.5339750849377124,0.5510204081632653,32399.999999999996
3.78,28487,5632993,162.0,66.0,66.0,162.0,258.0,107331.34557997584,1.4710444814879804,0.2914662828658686,127777.77777777778
1.14,4004,586012,162.0,66.0,66.0,162.0,242.0,8790.550128193485,0.9500193001370976,0.33641358641358643,68894.73684210527
4.49,8707,2502871,162.0,66.0,66.0,162.0,290.0,306996.207321312,0.9755026622908172,0.4059951762949351,46636.9710467706
9.2,45218,7038372,162.0,66.0,66.0,162.0,242.0,15093.328612590609,1.0163932876388562,0.3075545136892388,88858.69565217392
9.66,40908,6362530,162.0,66.0,66.0,162.0,242.0,19283.378296862356,0.9645957583458259,0.32971545907890876,80534.16149068323
1.34,5787,849718,162.0,66.0,66.0,162.0,242.0,6790.931756701657,1.1386560755473,0.32279246587178156,82701.49253731343
5.62,8269,1103955,162.0,66.0,66.0,162.0,162.0,7333.055632018791,1.0249292896684044,0.4331841818841456,37943.06049822064
8.73,35538,6144802,162.0,66.0,66.0,162.0,242.0,71134.87615356674,1.350816652964286,0.32945016601947213,78783.50515463916
7.07,28207,4717463,162.0,66.0,66.0,162.0,242.0,38682.5756392126,1.2395440836406846,0.32885453965327754,77185.28995756719
9.05,20943,6788399,162.0,66.0,66.0,162.0,290.0,448585.0093358611,2.325056610316768,0.3853793630329943,52455.24861878453
7.99,40286,6889984,162.0,66.0,66.0,162.0,242.0,61847.44693328074,1.4120615962843663,0.3184480961127935,93987.48435544429
8.58,27963,5222679,162.0,66.0,66.0,162.0,242.0,85671.03645143939,1.0309727802588045,0.33962736473196725,64601.39860139861
7.82,12172,2619952,162.0,66.0,66.0,162.0,258.0,154494.5885915094,0.7596478490597465,0.42934604009201444,39698.20971867008
4.81,21731,3440679,162.0,66.0,66.0,162.0,242.0,25417.405367516796,1.1027664868056053,0.3306336569877134,87617.46361746363
7.3,11737,1542894,162.0,66.0,66.0,162.0,162.0,6030.302895002146,0.9694315061761173,0.43418249978699835,41663.01369863014
9.78,41267,6389222,162.0,66.0,66.0,162.0,242.0,18857.651481045545,1.0059847790322378,0.3293188261807255,81539.8773006135
0.05,107,14534,162.0,66.0,66.0,162.0,162.0,5059.672635164644,1.3128580521960536,0.3925233644859813,50400.0
3.38,6095,825590,162.0,66.0,66.0,162.0,162.0,6253.125948527586,1.0418161898001934,0.41263330598851516,44414.20118343196
2.89,21004,3463371,162.0,66.0,66.0,162.0,242.0,33164.33620008164,1.1488704282451572,0.3103694534374405,131397.92387543252
8.78,18142,2462595,162.0,66.0,66.0,162.0,162.0,8624.609335200068,0.9726815177486424,0.4146731341638188,51136.6742596811
1.86,20156,3918613,162.0,66.0,66.0,162.0,258.0,63557.75097662275,0.8082923862403001,0.28165310577495534,180032.25806451612
8.5,15432,2117146,162.0,66.0,66.0,162.0,226.0,6832.784051139856,1.0273059373847928,0.3939865215137377,42600.0
5.37,27054,4364443,162.0,66.0,66.0,162.0,242.0,25759.57225026413,1.0325401611802811,0.31581281880683076,91497.20670391062
7.14,11938,2156125,162.0,66.0,66.0,162.0,242.0,130815.65902405207,1.6680158586776022,0.4290500921427375,42789.91596638656
4.03,22118,3785483,162.0,66.0,66.0,162.0,242.0,42564.59034034306,1.0897714186660954,0.30703499412243423,98277.91563275435
0.08,328,51808,162.0,66.0,130.0,162.0,242.0,9377.363474122547,1.656820512820513,0.23780487804878048,57750.0
4.33,6700,911508,162.0,66.0,66.0,162.0,162.0,10177.414304655826,0.9409066712092499,0.431044776119403,39741.33949191686
9.39,29995,5899400,162.0,66.0,66.0,162.0,242.0,134782.8521713223,1.6850103383411594,0.3387231205200867,64070.2875399361
7.48,10424,2022919,162.0,66.0,66.0,162.0,258.0,91832.1495425041,0.46335745112421894,0.44915579432079816,37363.63636363636
2.83,17174,3562295,162.0,66.0,66.0,162.0,274.0,84841.60297983554,0.710312348613643,0.30161872598113426,106918.72791519434
2.71,9655,1705794,162.0,66.0,66.0,162.0,242.0,74769.60239858762,1.2065822562117747,0.3305023303987571,69365.31365313653
8.69,16067,3073774,162.0,66.0,66.0,162.0,242.0,93427.06375165342,0.5292019953722568,0.40953507188647537,45037.97468354431
5.66,20599,3758636,162.0,66.0,66.0,162.0,242.0,87345.38498000705,0.9809110016295743,0.3446283800184475,74098.93992932861
0.6,1351,189804,162.0,66.0,66.0,162.0,162.0,12419.54230355999,1.0615631924229918,0.41154700222057733,55400.0
2.33,6493,1733146,162.0,66.0,66.0,162.0,274.0,302626.7935888687,1.7873897722831673,0.36716463884182965,61158.79828326179
4.95,48811,8835755,162.0,66.0,66.0,162.0,258.0,70278.67113891011,1.383863687563824,0.29118436418020527,166218.18181818182
9.08,29661,4537078,162.0,66.0,66.0,162.0,242.0,18922.50455059289,0.9864075493572416,0.3509996291426452,67995.59471365638
5.06,18992,2821013,162.0,66.0,66.0,162.0,242.0,8101.874269476364,1.1993476052481602,0.3246103622577928,72272.72727272728
2.13,3241,442079,162.0,66.0,66.0,162.0,162.0,13153.410412391146,0.9567338122490893,0.4347423634680654,39267.60563380282
2.04,3031,388649,162.0,66.0,66.0,162.0,162.0,6591.870667786661,1.0507234141348052,0.4609039920818212,40794.11764705882
4.18,19903,3433728,162.0,66.0,66.0,162.0,242.0,63153.257654389396,1.058010033144138,0.31713811988142493,88980.86124401914
3.79,6530,935278,162.0,66.0,66.0,162.0,242.0,17797.043021043177,0.9241513106056086,0.4122511485451761,42364.11609498681
3.95,4699,615452,162.0,66.0,66.0,162.0,162.0,9648.575460061073,0.998668532885614,0.4618003830602256,32658.22784810126
1.67,3000,2898009,162.0,66.0,66.0,1514.0,2962.0,2037928.6749910002,2.469626495508536,0.38533333333333336,38011.976047904194
1.35,6589,1086447,162.0,66.0,66.0,162.0,242.0,61879.059848295015,1.3317165404352034,0.30611625436333284,87733.33333333333
6.1,30124,5043967,162.0,66.0,66.0,162.0,242.0,58112.30968947501,1.292368417464653,0.3181848360111539,92045.90163934427
6.49,38007,6026749,162.0,66.0,66.0,162.0,242.0,18908.589745118214,1.1492348626333164,0.3027073960059989,104052.38828967641
9.21,32682,4903357,162.0,66.0,66.0,162.0,242.0,13205.218432609578,1.1644915911893994,0.3378312220794321,70736.15635179152
9.17,32236,4925812,162.0,66.0,66.0,162.0,242.0,17571.128003809725,0.9113037404935589,0.3501675145799727,71142.85714285714
2.99,5991,819968,162.0,66.0,66.0,162.0,162.0,8651.837496243252,0.9617632633530714,0.41829410782840926,49464.88294314381
1.74,3200,434827,162.0,66.0,66.0,162.0,162.0,15539.24235068359,0.8527322695413195,0.4471875,48413.793103448275
0.45,2856,417515,162.0,66.0,66.0,162.0,226.0,9610.45212778739,0.3337858991151008,0.35119047619047616,132533.3333333333
2.92,22167,3801208,162.0,66.0,66.0,162.0,242.0,47361.95648087244,1.119163976741204,0.2971985383678441,131568.49315068495
0.79,2233,961458,162.0,66.0,66.0,258.0,1514.0,325342.25972742453,0.14321963260797446,0.3425884460367219,57797.46835443038
5.11,8636,3190170,162.0,66.0,66.0,162.0,386.0,614749.9378004137,4.664434749721676,0.4260074108383511,41600.78277886497
4.94,31523,12187576,162.0,66.0,66.0,162.0,370.0,810466.9742464676,3.2738351395251626,0.31811693049519396,117036.43724696356
9.11,18376,2520406,162.0,66.0,66.0,162.0,162.0,11927.304975492347,0.959598347049608,0.4069982585981715,49001.097694840835
2.79,30035,5020505,162.0,66.0,66.0,162.0,242.0,26743.84468087825,1.2022067225467932,0.27308140502746797,168881.72043010753
6.01,15877,2265492,162.0,66.0,66.0,162.0,210.0,12205.915538148342,1.0062272521984006,0.3743780311141903,58792.01331114808
4.1,22982,3611344,162.0,66.0,66.0,162.0,258.0,14975.02492163902,1.2090757388168165,0.29714559220259334,98590.24390243903
5.96,39036,7437351,162.0,66.0,66.0,162.0,242.0,105675.57710165002,1.4697927092583134,0.29577825596884927,112691.27516778524
1.84,3534,480214,162.0,66.0,66.0,162.0,188.00000000000546,8631.139341681695,1.0177397939461168,0.43406904357668363,49565.217391304344
5.71,15922,2321348,162.0,66.0,66.0,162.0,242.0,10391.241356742243,0.6217824217036153,0.3642130385629946,59926.444833625224
1.43,24877,4182925,162.0,66.0,66.0,162.0,242.0,22387.087479023237,1.5962871744962195,0.26249145797322826,261356.64335664338
5.81,15846,2365534,162.0,66.0,66.0,162.0,242.0,14687.422277487203,1.070512837345195,0.35390634860532627,57604.13080895009
1.57,2523,349251,162.0,66.0,66.0,162.0,242.0,8931.214925892255,1.0445676417728706,0.4359889021006738,41656.05095541401
7.14,26751,4133517,162.0,66.0,66.0,162.0,242.0,19304.834692758635,0.954407434235536,0.33781914694777765,75092.43697478992
1.52,2935,491475,162.0,66.0,66.0,162.0,226.0,50134.33298410479,0.6674243683651625,0.3887563884156729,44763.15789473684
2.82,4357,724414,162.0,66.0,66.0,162.0,162.0,78064.98310965515,0.9796193869966333,0.4229974753270599,38957.446808510635
0.83,1273,170232,162.0,66.0,66.0,162.0,162.0,11817.217416041305,1.0693125873700844,0.4603299293008641,42000.0
2.02,18425,2982798,162.0,66.0,66.0,162.0,242.0,24959.288980618556,0.9866063162774218,0.29275440976933514,156950.49504950497
2.11,5597,820859,162.0,66.0,66.0,162.0,242.0,11573.390568449768,0.8369037149423435,0.3609076290870109,57241.706161137445
7.26,10302,2336163,162.0,66.0,66.0,162.0,242.0,262544.15589892876,2.334512796870116,0.4351582217045234,36809.9173553719
4.46,16876,2615540,162.0,66.0,66.0,162.0,242.0,20476.57860789695,0.96678437364647,0.3410760843801849,76600.89686098654
6.38,10671,1412922,162.0,66.0,66.0,162.0,162.0,6487.070821480038,0.9661464602539572,0.4346359291537813,43184.952978056426
6.12,30391,4909917,162.0,66.0,66.0,162.0,242.0,25604.768668530516,1.0234981145294566,0.3121318811490244,90578.431372549
8.68,26046,3982881,162.0,66.0,66.0,162.0,242.0,21487.58129340408,1.0061495887849714,0.3437380019964678,60435.48387096774
2.46,4343,593112,162.0,66.0,66.0,162.0,210.0,8797.132869029638,0.8087204728011271,0.4017959935528437,41780.487804878045
1.12,1746,232222,162.0,66.0,66.0,162.0,162.0,6871.718207809964,1.0283168835706176,0.43585337915234823,40071.428571428565
8.57,15733,3418194,162.0,66.0,66.0,162.0,258.0,211278.8370480154,1.4584425952430613,0.40577130871416767,44044.340723453905
8.82,30177,4833034,162.0,66.0,66.0,162.0,242.0,30857.442940587855,1.3228247041459222,0.32650694237333067,65455.78231292517
6.69,27868,4970609,162.0,66.0,66.0,162.0,242.0,84724.61600775381,1.3882140461671217,0.33421845844696424,81327.35426008969
6.21,7084,1353909,162.0,66.0,66.0,162.0,162.0,182096.72859658053,2.066944990621857,0.45609824957651046,30966.18357487923
8.34,27540,5476231,162.0,66.0,66.0,162.0,242.0,114616.5206826896,1.036109677582471,0.3318082788671024,65043.165467625906
0.78,1196,152282,130.0,66.0,66.0,162.0,162.0,7360.6495201395965,0.8779612524510106,0.47408026755852845,42230.76923076923
5.09,15050,2493035,162.0,66.0,66.0,162.0,242.0,43025.0651910023,0.8982519271593169,0.3520265780730897,61060.903732809435
7.44,23116,3551771,162.0,66.0,66.0,162.0,242.0,27048.469181941113,1.138354817598976,0.3552950337428621,64669.35483870967
7.38,20001,3289660,162.0,66.0,66.0,162.0,258.0,34028.22306507794,0.9464672110632301,0.3452327383630818,55211.38211382114
7.67,16948,2542551,162.0,66.0,66.0,162.0,242.0,17901.102651088426,1.1580803528231454,0.38742034458343166,50737.94002607562
8.33,19280,2990169,162.0,66.0,66.0,162.0,242.0,23275.305118710832,0.8730266211569889,0.3578319502074689,49109.24369747899
9.93,33715,9019975,162.0,66.0,66.0,162.0,274.0,355231.83156294207,1.1811060559713988,0.32937861485985465,65160.12084592145
4.87,4873,1307672,162.0,66.0,66.0,162.0,242.0,378423.1412561602,3.4488778054862843,0.43833367535399137,26229.979466119097
0.28,474,60810,70.0,66.0,66.0,162.0,162.0,7802.822410938418,0.6339307305801113,0.5084388185654009,50785.71428571428
7.57,23952,5292740,162.0,66.0,66.0,162.0,258.0,171541.24633649952,0.973653986134148,0.3459001336005344,63970.93791281373
1.23,1557,196776,162.0,66.0,66.0,162.0,162.0,5526.557088813897,0.9555961916877025,0.47527296082209375,36000.0
4.15,6181,799190,162.0,66.0,66.0,162.0,162.0,5322.330797829099,0.9078209223159593,0.4505743407215661,40004.819277108436
3.34,23878,3785399,162.0,66.0,66.0,162.0,242.0,19770.55209037662,1.1236364717577705,0.2903509506658849,118059.88023952096
7.08,13237,1767911,162.0,66.0,66.0,162.0,162.0,7712.734780101486,0.8803683069664345,0.42842033693435067,47864.40677966101
6.79,39159,6205266,162.0,66.0,66.0,162.0,242.0,15167.031362575583,1.0513669352999164,0.3010036007048188,101125.18409425626
2.59,4203,569236,162.0,66.0,66.0,162.0,226.0,7584.057896965725,1.0066484533356834,0.41422793242921724,40285.71428571429
2.41,3926,561639,162.0,66.0,66.0,162.0,242.0,24513.07451849278,1.063794604962905,0.434793683138054,42199.17012448132
9.71,31078,4903690,162.0,66.0,66.0,162.0,242.0,32559.00726839316,1.0289146895841497,0.34117382070918334,64306.900102986605
0.45,516,59842,66.0,66.0,66.0,162.0,162.0,4291.092287122169,0.725050446814644,0.562015503875969,38400.0
5.72,23030,4242614,162.0,66.0,66.0,162.0,242.0,89018.24582107688,1.6194472914068385,0.3166739036039948,75104.89510489511
7.92,18432,3171397,162.0,66.0,66.0,162.0,242.0,92470.04145975172,1.4355961087563733,0.3748372395833333,51871.21212121212
1.87,2841,371659,162.0,66.0,66.0,162.0,162.0,6206.962945534916,1.107973977800591,0.426610348468849,38534.759358288764
2.05,15402,2892743,162.0,66.0,66.0,162.0,242.0,97886.27372458455,1.1986024371465336,0.288598883261914,127843.9024390244
8.17,14770,2291076,162.0,66.0,66.0,162.0,242.0,47381.83468532393,1.1045168911502075,0.396614759647935,42807.8335373317
8.04,32809,5205143,162.0,66.0,66.0,162.0,242.0,26181.268722051358,1.1013670823935306,0.318357767685696,76992.53731343284
9.1,32130,7677235,162.0,66.0,66.0,162.0,258.0,223437.14435729754,1.2404138203941748,0.33274198568316216,68571.42857142857
5.38,9489,1290466,162.0,66.0,66.0,162.0,190.0,8626.240472950132,0.8598523608713072,0.4165876277795342,43996.28252788104
4.96,8202,1370202,162.0,66.0,66.0,162.0,242.0,68835.03527143004,0.7927072430395646,0.41916605705925386,41443.54838709677
2.42,6673,984829,162.0,66.0,66.0,162.0,242.0,12972.099355993942,0.5748369321007495,0.36924921324741494,60768.59504132232
9.02,20988,3163615,162.0,66.0,66.0,162.0,242.0,25679.89914171644,0.9260200198956998,0.3787878787878788,52443.45898004435
3.63,19580,3227252,162.0,66.0,66.0,162.0,242.0,31929.133851577713,1.3001426875143436,0.30429009193054135,94909.09090909091
6.23,8037,1101215,162.0,66.0,66.0,162.0,162.0,23905.51864473891,1.034750297484867,0.4581311434614906,35287.319422150875
4.61,28226,6611997,162.0,66.0,66.0,162.0,274.0,171712.49665244468,1.0406850186430179,0.298448239212074,106763.55748373101
7.63,9938,1306497,162.0,66.0,66.0,162.0,162.0,7181.242722235477,0.9192108081269547,0.4325820084524049,33460.02621231979
7.43,34900,6449905,162.0,66.0,66.0,162.0,242.0,73776.01131097035,1.1199784120569056,0.3176504297994269,87440.10767160163
7.29,23033,3640386,162.0,66.0,66.0,162.0,242.0,23083.535204468397,0.9611633852986524,0.33156775061867755,61275.720164609054
5.48,15402,2424273,162.0,66.0,66.0,162.0,242.0,34506.378659900634,0.9439002564312279,0.35677184781197246,59529.19708029197
4.73,10093,1358032,162.0,66.0,66.0,162.0,162.0,6911.472713494019,0.9746529171246939,0.4123650054493213,52490.48625792812
6.18,32108,5679380,162.0,66.0,66.0,162.0,242.0,68109.71506444342,1.2027939751662167,0.3012644823719945,90145.63106796116
4.48,6562,1030724,162.0,66.0,66.0,162.0,162.0,75597.23825214042,1.4253699032415947,0.43706187138067665,38102.678571428565
0.14,107,9734,66.0,66.0,66.0,98.0,162.0,2072.774914839724,0.3400330396475771,0.7476635514018691,34285.71428571428
9.76,35530,7972066,162.0,66.0,66.0,162.0,242.0,187649.38088635844,1.369757601249671,0.32493667323388686,69971.31147540984
2.03,4278,1213583,162.0,66.0,66.0,162.0,1514.0,193377.90437288443,0.27685230875091665,0.3959794296400187,49950.73891625616
5.66,33638,5900509,162.0,66.0,66.0,162.0,242.0,62031.088680440924,1.3310100303795267,0.29591533384862356,102169.61130742049
1.84,4382,621328,162.0,66.0,66.0,162.0,242.0,12136.030242386129,1.071569794386042,0.3890917389319945,55304.34782608695
2.48,3161,426954,162.0,66.0,66.0,162.0,162.0,12989.074288918016,0.98196082072231,0.4508067067383739,34330.645161290326
4.5,18590,3280925,162.0,66.0,66.0,162.0,242.0,63096.72754856144,1.304188648609168,0.32275416890801506,78800.0
3.03,10866,2225959,162.0,66.0,66.0,162.0,242.0,160683.36056191128,1.6925739957397035,0.32937603533959137,69524.75247524753
2.51,3635,668874,162.0,66.0,66.0,162.0,242.0,143633.7407653317,1.6940743366253685,0.44236588720770287,38151.39442231076
9.49,30837,4881752,162.0,66.0,66.0,162.0,242.0,35922.62670243491,1.1087126393982996,0.3414080487725784,65911.48577449947
3.8,6202,1425760,162.0,66.0,66.0,162.0,258.0,273474.43582606065,2.59994950132559,0.4298613350532086,41905.26315789474
4.72,7837,1211608,162.0,66.0,66.0,162.0,162.0,72718.91020954915,1.2743634602533394,0.45348985581217305,44478.813559322036
5.16,28837,4695084,162.0,66.0,66.0,162.0,242.0,29471.16591709268,1.144459537353122,0.3032562333113708,99465.11627906976
8.51,27660,5771393,162.0,66.0,66.0,162.0,242.0,176258.5007158652,1.1115079039872624,0.3394432393347795,65125.73443008225
8.49,12578,2806505,162.0,66.0,66.0,162.0,242.0,259621.11231212193,2.2999265116552516,0.43202416918429004,38056.53710247349
9.23,30529,6578976,162.0,66.0,66.0,162.0,258.0,175715.13361826167,1.5090235938318755,0.3356153165842314,64010.83423618634
5.95,28984,4901896,162.0,66.0,66.0,162.0,242.0,43891.2229111492,1.246651034801372,0.3006486337289539,85220.16806722688
0.51,2678,423349,162.0,66.0,66.0,162.0,242.0,21180.59152201909,0.999938586835852,0.3076923076923077,95529.41176470587
8.79,14425,3277724,162.0,66.0,66.0,162.0,242.0,260677.91024019648,2.333859526710756,0.41760831889081457,40880.54607508532
7.33,26717,5126905,162.0,66.0,66.0,162.0,242.0,126520.39136447728,1.745089587848778,0.3336826739529139,72090.0409276944
7.98,23091,4753988,162.0,66.0,66.0,162.0,258.0,116240.06957616261,0.921805677223958,0.33879000476376075,57654.13533834586
6.05,11603,2392674,162.0,66.0,66.0,162.0,242.0,189262.23443419492,1.7035772760092338,0.4055847625614065,46373.55371900827
8.51,31625,6381542,162.0,66.0,66.0,162.0,242.0,152319.6150248731,1.731722748339424,0.3266719367588933,71146.88601645123
0.41,632,93546,130.0,66.0,66.0,162.0,258.0,15875.901648373661,0.8838052277578637,0.4889240506329114,42000.0
2.53,2795,445121,162.0,66.0,66.0,162.0,242.0,81180.31362470039,1.4538633707468742,0.4590339892665474,29976.28458498024
3.48,2640,338845,130.0,66.0,66.0,162.0,162.0,7052.851855917125,1.0175349806490026,0.48863636363636365,21827.58620689655
2.96,21804,3727987,162.0,66.0,66.0,162.0,242.0,44051.34239916486,1.3078923631897312,0.28769950467804073,122655.4054054054
9.75,19793,3553624,162.0,66.0,66.0,162.0,242.0,121292.12355238921,1.4815602103892984,0.40170767443035416,48424.61538461538
0.7,12095,2416726,162.0,66.0,162.0,162.0,274.0,89371.5988806679,1.4713932179817564,0.23902439024390243,238628.57142857145
3.99,18727,2940089,162.0,66.0,66.0,162.0,242.0,19302.012915389703,1.012299982410019,0.3074170983072569,82751.87969924812
4.13,6981,950820,162.0,66.0,66.0,162.0,162.0,9836.315661264134,0.8945921173235564,0.4268729408394213,43016.94915254237
4.65,21316,3985922,162.0,66.0,66.0,162.0,242.0,98003.04975812587,1.5281501646564541,0.31610058172264965,84116.12903225806
2.32,8356,1880108,162.0,66.0,66.0,162.0,274.0,110009.17903211355,0.4610133877089207,0.32719004308281474,69827.58620689657
8.73,13845,3009515,162.0,66.0,66.0,162.0,242.0,242244.09940964048,2.3365022278344605,0.4241242325749368,40103.09278350515
3.74,25683,4171748,162.0,66.0,66.0,162.0,242.0,22858.964876934722,1.1136141286312204,0.29552622357201264,117048.12834224598
4.2,7297,1569192,162.0,66.0,66.0,162.0,242.0,230162.98416283494,2.277049053656418,0.42332465396738383,43214.28571428571
0.21,325,42802,162.0,66.0,66.0,162.0,210.00000000000182,7229.509074556213,0.7738085370907584,0.4553846153846154,41428.57142857143
3.82,7945,1139090,162.0,66.0,66.0,162.0,242.0,10385.384762850006,0.7242741666918955,0.39056010069225927,47748.69109947644
4.79,19258,4207049,162.0,66.0,66.0,162.0,242.0,193748.30767697436,2.0769499129292557,0.32225568594869664,76221.29436325678
2.41,3285,1476215,162.0,66.0,66.0,162.0,1514.0,542931.7870176927,0.6812329523776984,0.4207001522070015,33983.402489626555
6.38,19383,3551055,162.0,66.0,66.0,162.0,242.0,107130.64915171343,1.7042038257304322,0.3481917143888975,61984.32601880877
9.24,14356,2371640,162.0,66.0,66.0,162.0,162.0,98722.62483854998,1.492213278409449,0.4347311228754528,40142.857142857145
8.27,35210,8652948,162.0,66.0,66.0,162.0,274.0,219758.56422585598,1.3047718893383216,0.3226924169270094,80133.01088270858
1.37,1531,360033,162.0,66.0,66.0,162.0,242.0,299624.25984818005,2.760999916429885,0.4761593729588504,31489.05109489051
3.13,6105,885512,162.0,66.0,66.0,162.0,242.0,14188.506061907341,0.95576994007982,0.40294840294840295,46696.485623003195
7.62,28938,4904594,162.0,66.0,66.0,162.0,242.0,54132.924841162574,1.195261512872996,0.33184739788513373,73488.18897637795
3.42,4892,1259081,162.0,66.0,66.0,162.0,258.0,346029.04071672575,2.949550018664266,0.4544153720359771,38052.63157894737
5.19,24234,3996880,162.0,66.0,66.0,162.0,242.0,41458.30752248736,0.9995397468607734,0.3134851861021705,85861.27167630057
7.86,13868,1920624,162.0,66.0,66.0,162.0,162.0,15840.132849931479,0.8030879114070218,0.4429622151716181,45862.59541984733
6.53,32301,5237944,162.0,66.0,66.0,162.0,242.0,24909.6267192864,1.1775979399487067,0.3054394600786353,87730.47473200613
2.61,3034,683274,162.0,66.0,66.0,162.0,242.0,269985.1969882965,2.445241120590549,0.45814106789716547,31540.229885057473
3.85,5911,1423775,162.0,66.0,66.0,162.0,274.0,147741.72730945787,0.3055424634271137,0.4163424124513619,37387.01298701299
2.24,17068,3643238,162.0,66.0,66.0,162.0,258.0,154117.28716629645,1.7086405416035026,0.2860909303960628,127392.85714285713
8.75,15071,4032849,162.0,66.0,66.0,162.0,274.0,302606.4933750315,1.44204778793536,0.42047641165151617,42480.0
3.08,15558,2358692,162.0,66.0,66.0,162.0,242.0,12072.800195879086,1.1820445809492532,0.3045378583365471,90837.66233766233
9.47,14982,2994426,162.0,66.0,66.0,162.0,226.0,195264.1754044515,1.7725807258054063,0.43879321852890135,41195.353748680034
4.42,26832,4400300,162.0,66.0,66.0,162.0,242.0,27255.92781692238,1.2765804987958227,0.29617620751341683,103981.90045248868
1.82,2638,341496,162.0,66.0,66.0,162.0,162.0,6155.482781255588,0.9478994951943644,0.46626231993934797,40054.945054945056
4.69,6361,1415765,162.0,66.0,66.0,162.0,242.0,262560.9651733523,2.6500830170777987,0.4463134727244144,35692.963752665244
3.72,19653,3153496,162.0,66.0,66.0,162.0,242.0,21852.329915257524,0.8750162023961708,0.3056021981376889,94548.38709677418
4.27,6251,1188807,162.0,66.0,66.0,162.0,242.0,151786.9869463599,0.9995811803649282,0.43529035354343304,37812.64637002342
2.79,4072,533638,162.0,66.0,66.0,162.0,162.0,6456.967971165388,0.9635214294124573,0.4351669941060904,38021.50537634409
2.84,18535,3010652,162.0,66.0,66.0,162.0,242.0,29083.16615019129,1.2788237155251172,0.3118964121931481,119218.30985915494
4.42,12124,3676466,162.0,66.0,66.0,162.0,306.0,350752.14328620204,1.326503207712178,0.3456779940613659,56266.96832579185
4.58,4654,667313,162.0,66.0,66.0,162.0,162.0,31307.92474624321,0.8395339092848755,0.4707778255264289,28414.847161572052
5.32,15092,2754685,162.0,66.0,66.0,162.0,242.0,117886.46532346554,1.1885385326137474,0.3680758017492711,62109.02255639098
2.24,7617,1818194,162.0,66.0,66.0,162.0,258.0,238880.97401811348,1.9726246881366019,0.34541157936195355,70071.42857142857
0.8,1764,240670,162.0,66.0,66.0,162.0,210.0,6865.505312858325,0.9468532599902928,0.4098639455782313,53925.0
3.17,3819,507312,162.0,66.0,66.0,162.0,162.0,10037.89158478497,0.9152666510619983,0.458496988740508,32668.76971608833
6.44,23106,3585572,162.0,66.0,66.0,162.0,242.0,23567.347334102593,1.105335719587009,0.33960875962953346,72037.26708074534
5.01,7291,2994138,162.0,66.0,66.0,162.0,1514.0,701008.3342428681,1.6481985296719004,0.440405979975312,38071.85628742515
0.9,1627,204276,162.0,66.0,66.0,162.0,162.0,4180.100826215874,0.9232855044627726,0.4658881376767056,50466.666666666664
0.83,1918,259618,162.0,66.0,66.0,162.0,162.0,6419.152872572122,1.0638017107062228,0.39363920750782067,54072.28915662651
4.31,26370,6257314,162.0,66.0,66.0,162.0,274.0,199925.15425773268,1.4967376853207013,0.2945013272658324,103587.00696055684
2.0,3389,459551,162.0,66.0,66.0,162.0,174.0,14592.973395693509,1.0305992143624096,0.44319858365299497,43950.0
3.68,7049,1028651,162.0,66.0,66.0,162.0,242.0,16528.63741056992,1.0274738053753183,0.4146687473400482,47315.217391304344
2.07,4826,1152291,162.0,66.0,66.0,162.0,242.0,283113.97092421754,2.8404707388039556,0.3566100290095317,49565.21739130435
5.34,28991,4775870,162.0,66.0,66.0,162.0,242.0,25389.28008672245,0.8839419165212713,0.30402538718912764,94292.13483146067
2.58,4108,701461,162.0,66.0,66.0,162.0,242.0,79448.3758891502,1.2749668384472934,0.4033592989289192,37465.11627906976
8.0,32654,6576497,162.0,66.0,66.0,162.0,258.0,103503.80875939871,0.883550878093404,0.31861333986647883,76897.5
9.54,22341,5404717,162.0,66.0,66.0,162.0,242.0,258081.86559099169,1.402744651557109,0.3989078376079853,54389.937106918245
6.14,32257,5381167,162.0,66.0,66.0,162.0,242.0,39713.82919414479,1.3653834826542464,0.3061041014353474,94211.72638436483
9.62,31049,4932092,162.0,66.0,66.0,162.0,242.0,37594.89451662307,1.204910707699653,0.3451318883055815,65563.40956340957
3.32,4451,590628,162.0,66.0,66.0,162.0,162.0,5668.684453562874,0.9597906912696227,0.4302403954167603,34246.98795180723
8.51,30414,5207695,162.0,66.0,66.0,162.0,242.0,50909.51723379741,1.0807700099050133,0.3268560531334254,68171.56286721503
5.41,10629,1486669,162.0,66.0,66.0,162.0,242.0,7419.820017130949,0.9454587567752893,0.3850785586602691,45049.907578558224
9.73,28780,5663636,162.0,66.0,66.0,162.0,242.0,118474.75417318898,0.8148561159839369,0.34829742876997916,60493.31963001027
8.13,31816,5762455,162.0,66.0,66.0,162.0,242.0,81344.04051047542,1.4546770429142664,0.32841966306261,75055.35055350553
9.67,26997,4063059,162.0,66.0,66.0,162.0,242.0,19659.686752080463,1.0077278859125072,0.3598177575286143,59249.22440537746
9.93,21591,4038108,162.0,66.0,66.0,162.0,242.0,137699.41331215986,1.554005849136797,0.389745727386411,50151.057401812686
3.4,27777,5063548,162.0,66.0,66.0,162.0,242.0,73469.8228787447,1.2498318251657088,0.28588400475213305,133923.5294117647
3.49,9785,1890030,162.0,66.0,66.0,162.0,242.0,141573.60851584488,1.771849600947987,0.35472662238119573,58882.52148997134
9.42,45677,7338780,162.0,66.0,66.0,162.0,242.0,26342.52484957224,1.0105569045207519,0.3122578102765068,87910.8280254777
5.3,9173,1264700,162.0,66.0,66.0,162.0,242.0,7377.092090529787,0.8978717784800819,0.39779788509756897,40901.88679245283
3.16,3952,931450,162.0,66.0,66.0,162.0,242.0,301679.1781742755,2.8813812875293254,0.46153846153846156,34329.11392405063
3.45,21932,3755456,162.0,66.0,66.0,162.0,242.0,48164.924288307244,1.0160956699738073,0.30042859748312967,110330.43478260869
1.16,2005,275368,162.0,66.0,66.0,162.0,226.0,7619.083459928732,0.9296716233829939,0.40748129675810474,41896.551724137935
9.34,19576,3992840,162.0,66.0,66.0,162.0,274.0,97810.4356087928,0.5319926102278897,0.3851144258275439,47306.209850107065
6.23,17772,2633105,162.0,66.0,66.0,162.0,242.0,14331.874650096232,1.0577724114755507,0.35741616025208195,59971.10754414125
3.5,3969,1102866,162.0,66.0,66.0,162.0,258.0,405846.8598931973,3.3835321332469506,0.46434870244394055,30788.571428571428
3.24,14890,2305098,162.0,66.0,66.0,162.0,242.0,17824.055052638087,0.9293123319247023,0.31705842847548693,86074.07407407406
6.61,8301,1106809,162.0,66.0,66.0,162.0,162.0,9101.697585460644,0.9130244657039399,0.44765690880616793,33440.24205748865
3.7,5147,688669,162.0,66.0,66.0,162.0,162.0,7633.918647749935,0.8903949777517918,0.42413056149213135,35172.97297297297
9.9,35125,5927637,162.0,66.0,66.0,162.0,242.0,40281.223483679074,0.8860375989729248,0.33047686832740214,67278.78787878787
6.3,22664,3995684,162.0,66.0,66.0,162.0,242.0,80840.03069806348,1.2424897870532554,0.3342304977056124,70352.38095238096
7.16,18886,3023463,162.0,66.0,66.0,162.0,242.0,37113.44897998715,1.1054594985693007,0.3702213279678068,57854.74860335195
0.58,6713,1066727,162.0,66.0,66.0,162.0,242.0,22290.088631619365,1.1434036798820122,0.3083569194100998,207724.13793103452
1.78,9149,1386295,162.0,66.0,66.0,162.0,242.0,9027.843467856528,1.1266107259004725,0.3086676139468794,90977.52808988764
9.95,20827,3161318,162.0,66.0,66.0,162.0,242.0,34814.09037995873,1.146437347104638,0.39482402650405723,49001.005025125625
9.54,20794,4933056,162.0,66.0,66.0,162.0,258.0,219903.05567399733,1.3471071863581,0.3617389631624507,46018.867924528306
3.67,21021,4230787,162.0,66.0,66.0,162.0,258.0,86019.70687496947,0.7998753509742194,0.29608486751343893,99188.01089918255
1.56,3696,1208506,162.0,66.0,66.0,162.0,274.0,482293.89502135216,3.4731482886637624,0.358495670995671,50538.46153846153
8.06,11977,1759175,162.0,66.0,66.0,162.0,162.0,53591.0959259401,1.300621720730476,0.43641980462553226,38545.90570719603
0.08,63,5586,66.0,66.0,66.0,74.0,162.0,2096.253968253968,0.2747603833865815,0.7936507936507936,34500.0
2.43,16879,2892879,162.0,66.0,66.0,162.0,242.0,36356.04080136135,1.1544884197920344,0.2930860832987736,118444.44444444444
8.2,15044,2873238,162.0,66.0,66.0,162.0,242.0,147994.5562462315,1.7404312221139153,0.4056766817335815,43917.07317073171
4.97,26365,5172886,162.0,66.0,66.0,162.0,258.0,93936.3746632989,1.1651402642508755,0.2912573487578229,89613.68209255533
3.25,7308,1111944,162.0,66.0,66.0,162.0,242.0,24386.31005632534,1.0426554388440046,0.3600164203612479,47815.38461538462
4.08,6321,1461517,162.0,66.0,66.0,162.0,242.0,268129.8618573811,2.4886152876671783,0.43679797500395506,40088.23529411764
3.19,17680,3093134,162.0,66.0,66.0,162.0,242.0,43259.96728403134,0.9142125828806382,0.2918552036199095,94006.26959247648
9.15,20621,3463393,162.0,66.0,66.0,162.0,242.0,52111.8200186757,0.9985002850554762,0.3791765675767422,50609.83606557377
2.56,12672,2366862,162.0,66.0,66.0,162.0,258.0,57489.905494710976,1.1350683090301426,0.2722537878787879,78960.9375
4.07,12720,2032167,162.0,66.0,66.0,162.0,242.0,33651.64621078453,1.0927521754801504,0.33702830188679245,61960.68796068795
6.38,9038,2029798,162.0,66.0,66.0,162.0,274.0,133652.11290212243,0.46151758063807713,0.42940916131887585,36018.80877742947
8.79,33009,5514384,162.0,66.0,66.0,162.0,242.0,35002.65611839901,1.0002132831900201,0.31939774001030025,70969.28327645051
6.95,31828,7029875,162.0,66.0,66.0,162.0,258.0,156315.97591724663,1.1858941709903366,0.31378031921578486,82446.04316546762
4.4,9672,1426666,162.0,66.0,66.0,162.0,162.0,23454.828554717136,1.0391983659724335,0.3996071133167907,51968.181818181816
0.04,159,24990,162.0,66.0,66.0,162.0,274.0,8159.008899964398,1.3160333642261353,0.32075471698113206,76500.0
7.46,33471,5623480,162.0,66.0,66.0,162.0,242.0,34476.17239694567,1.146351666286262,0.31068686325475786,82190.34852546916
7.94,12285,2261953,162.0,66.0,66.0,162.0,242.0,140117.094396537,1.6375907638094505,0.4297924297924298,39279.59697732997
7.69,27590,4637918,162.0,66.0,66.0,162.0,242.0,49348.00638799824,1.0035518530806342,0.33704240666908303,71321.19635890766
5.17,9826,3693625,162.0,66.0,66.0,162.0,1514.0,510489.94514129614,1.578862629855146,0.3924282515774476,43694.39071566731
3.91,26538,4484199,162.0,66.0,66.0,162.0,242.0,32527.182881250377,1.2150854256909855,0.2892079282538247,114260.86956521739
9.9,25695,4554710,162.0,66.0,66.0,162.0,242.0,59140.13794800706,0.8168621928988277,0.3492119089316988,53230.303030303025
8.57,12441,1643252,162.0,66.0,66.0,162.0,162.0,7732.367258391688,1.00723617992241,0.4408809581223374,37834.3057176196
3.23,19848,3307751,162.0,66.0,66.0,162.0,242.0,31671.107544481856,1.149689577834954,0.2993752519145506,108538.69969040249
6.82,12327,1776094,162.0,66.0,66.0,162.0,242.0,16896.374130029046,1.0541095050737057,0.4155917903788432,44304.9853372434
0.2,68,6839,66.0,66.0,66.0,88.0,162.0,5636.391652249135,0.3518481913421625,0.75,14399.999999999998
0.03,4,354,66.0,61.8,64.5,90.0,133.20000000000002,1806.75,0.5945945945945946,0.75,6000.0
6.72,16308,3599421,162.0,66.0,66.0,162.0,274.0,186931.82148805883,0.6939918562360223,0.3871719401520726,55187.5
6.46,13833,1976798,162.0,66.0,66.0,162.0,242.0,9086.542387726311,1.1710887304917024,0.38697318007662834,49179.566563467495
9.29,31791,5194572,162.0,66.0,66.0,162.0,242.0,36142.38703317159,1.219526003494279,0.33663615488660315,67924.65016146394
9.35,37424,5765780,162.0,66.0,66.0,162.0,242.0,17746.922379374057,1.1440909373188322,0.3217988456605387,76370.05347593583
9.61,36924,6485253,162.0,66.0,66.0,162.0,242.0,91557.6029429126,0.969946502167616,0.32583143754739463,73910.50988553591
3.6,8131,1244999,162.0,66.0,66.0,162.0,242.0,33539.32131331612,1.1379906649585625,0.3775673348911573,50549.99999999999
1.71,2256,361208,162.0,66.0,66.0,162.0,242.0,80948.46397942759,1.468650473625938,0.44680851063829785,35052.63157894737
0.04,57,8158,66.0,66.0,66.0,130.0,162.0,144434.38842720838,1.198921832884097,0.7192982456140351,61500.0
1.08,1710,288698,162.0,66.0,66.0,162.0,162.0,125631.5474491296,1.5678250273505947,0.47251461988304094,43166.666666666664
9.53,38289,7342330,162.0,66.0,66.0,162.0,242.0,97563.83592104039,1.2267264922142378,0.32693462874454804,77093.38929695699
0.01,7,558,66.0,66.0,66.0,66.0,104.40000000000003,1128.4897959183675,0.0,0.8571428571428571,36000.0
7.08,23490,3570639,162.0,66.0,66.0,162.0,242.0,17214.971048265423,1.1592915162891506,0.33541932737335034,66186.4406779661
0.64,5494,862016,162.0,66.0,66.0,162.0,242.0,12355.43220422875,1.2911333191579843,0.28867855842737533,148031.25
8.8,17525,3689898,162.0,66.0,66.0,162.0,258.0,168117.58587775278,1.2729430374873492,0.40302425106990014,47229.545454545456
3.73,17967,6106642,162.0,66.0,66.0,162.0,994.0,426107.7587569815,1.1865920071384402,0.3026659987755329,84032.17158176943
2.74,5880,1202109,162.0,66.0,66.0,162.0,242.0,143284.48487201516,0.8562981790779266,0.36360544217687074,46072.99270072993
8.15,16819,2990555,162.0,66.0,66.0,162.0,242.0,77413.47273008595,0.9521065456541705,0.3786788750817528,45901.84049079755
3.74,7172,1199619,162.0,66.0,66.0,162.0,242.0,53528.147838728175,0.8360850193691963,0.3894311210262131,44470.58823529411
2.95,2873,466291,162.0,66.0,66.0,162.0,162.0,65466.34339250089,1.030583450185948,0.466411416637661,26969.491525423728
7.92,22095,5015154,162.0,66.0,66.0,162.0,274.0,171705.17172911458,1.1023491930412912,0.348133061778683,56969.69696969697
9.37,34516,5358996,162.0,66.0,66.0,162.0,242.0,23974.402448455265,1.1012959504440407,0.3306003013095376,72281.75026680897
4.31,11848,2496837,162.0,66.0,66.0,162.0,242.0,228840.5988011022,0.8113366462330879,0.3548278190411884,57995.359628770304
4.46,6834,1362465,162.0,66.0,66.0,162.0,242.0,158997.52022045173,0.8149961834145718,0.43005560433128476,39322.86995515695
6.07,37259,5790706,162.0,66.0,66.0,162.0,242.0,14406.137900662809,1.293575997623527,0.2960895354142623,108830.31301482701
9.29,32266,6627543,162.0,66.0,66.0,162.0,258.0,163798.9118207344,1.1170078878994498,0.3365462096324304,69429.49407965555
5.32,15251,2255524,162.0,66.0,66.0,162.0,242.0,10373.709335037127,1.1109572066591544,0.35348501737590976,60338.34586466165
3.84,4608,598883,162.0,66.0,66.0,162.0,162.0,6033.164854779657,0.9234237850997068,0.4420572916666667,31781.25
8.96,30228,5525869,162.0,66.0,66.0,162.0,242.0,85512.10317977333,1.398709632050229,0.3265184597062326,65584.82142857142
7.95,26575,4264983,162.0,66.0,66.0,162.0,242.0,42162.23504274684,1.3797698114534063,0.3399811853245531,67758.49056603773
5.57,7819,1656480,162.0,66.0,66.0,162.0,274.0,115274.58235688995,0.38964694236230246,0.4434070853050262,36958.70736086176
8.83,34562,5478129,162.0,66.0,66.0,162.0,242.0,23848.35022341774,1.200216160725259,0.3222325096927261,74881.087202718
5.17,7118,937020,162.0,66.0,66.0,162.0,162.0,14207.8151400535,0.9795249241585614,0.46178701882551276,37938.10444874274
5.93,26145,4141348,162.0,66.0,66.0,162.0,242.0,18856.435371378877,0.8883508891283264,0.30143430866322435,78961.2141652614
1.34,1689,215115,162.0,66.0,66.0,162.0,162.0,5396.0889550713155,0.955715363704963,0.4665482534043813,35104.477611940296
5.97,8446,1191446,162.0,66.0,66.0,162.0,162.0,24796.936877811702,0.9387701635540252,0.4329860288894151,36502.512562814074
5.75,30673,5215067,162.0,66.0,66.0,162.0,242.0,39688.35663050225,1.2412398302094618,0.30150295047761877,94977.39130434782
6.18,10777,2310259,162.0,66.0,66.0,162.0,274.0,158104.19434233938,1.0887341249139963,0.3895332652871857,39640.77669902913
4.47,16930,2506422,162.0,66.0,66.0,162.0,242.0,9929.961835751186,1.1745224620889079,0.33142350856467806,75033.55704697987
3.89,2933,367421,130.0,66.0,66.0,162.0,162.0,5166.984647117828,1.0028836823915486,0.4817592908285032,21547.557840616966
5.37,17722,2808710,162.0,66.0,66.0,162.0,242.0,26034.282337906054,1.3063273302962324,0.3290260692924049,64312.849162011174
7.32,21274,3063211,162.0,66.0,66.0,162.0,226.0,11741.176279894744,0.9957137133158945,0.3563974804926201,61852.45901639343
3.56,23100,3923256,162.0,66.0,66.0,162.0,242.0,35562.193817327265,1.2256098045244495,0.29753246753246754,113089.88764044944
4.29,19911,3532446,162.0,66.0,66.0,162.0,242.0,50204.62582471204,0.8430957594844575,0.312239465622018,84069.93006993008
5.99,9836,2055743,162.0,66.0,66.0,162.0,258.0,116616.51046800512,0.40986148573811293,0.44032126880845873,43191.98664440734
5.19,22302,3503763,162.0,66.0,66.0,162.0,242.0,20278.026795227648,1.1391944142734947,0.319791946910591,81456.64739884392
7.41,12067,1697080,162.0,66.0,66.0,162.0,162.0,24107.51260460907,0.8807253029298923,0.4436894008452805,43174.08906882591
0.83,1477,188982,162.0,66.0,66.0,162.0,162.0,5617.170137091921,0.7278196313633704,0.47257955314827355,50457.83132530121
1.6,18623,3082763,162.0,66.0,66.0,162.0,242.0,25874.339612682776,1.4276954964873279,0.28207055791225905,193462.5
1.37,4792,792494,162.0,66.0,66.0,162.0,242.0,38393.524481362925,0.9421587656354155,0.3328464106844741,68671.53284671533
7.91,16179,2236728,162.0,66.0,66.0,162.0,162.0,7247.084873340161,0.992756780161596,0.39217504172074913,47916.561314791405
4.98,35804,5980222,162.0,66.0,66.0,162.0,242.0,29068.72993466108,1.1134080514323639,0.29055412803038766,123457.8313253012
9.37,41326,6633279,162.0,66.0,66.0,162.0,242.0,23555.77840750127,1.2250462651286216,0.31462033586604077,81726.78762006405
9.55,19027,2684007,162.0,66.0,66.0,162.0,242.0,12539.062191521223,1.0271343766049363,0.39354601355967833,46737.172774869105
1.31,2378,326356,162.0,66.0,66.0,162.0,162.0,10214.284849698068,0.9397087667161962,0.41925988225399496,45664.12213740458
4.58,35540,6547451,162.0,66.0,66.0,162.0,242.0,50117.03874539186,0.8778813038200938,0.27543612830613395,126458.51528384279
4.65,8471,1154886,162.0,66.0,66.0,162.0,162.0,7666.85899549291,0.9847698986378495,0.40597332074135284,44309.67741935484
7.58,29010,4824006,162.0,66.0,66.0,162.0,242.0,49089.337570035226,1.1424248897589642,0.32595656670113754,74042.21635883905
3.17,3388,542208,162.0,66.0,66.0,162.0,242.0,75230.9867662658,1.0001992053918258,0.4690082644628099,29905.36277602524
9.52,30555,4712185,162.0,66.0,66.0,162.0,242.0,22351.529610877114,1.0720688434554524,0.3501554573719522,67147.05882352941
8.86,34287,5717947,162.0,66.0,66.0,162.0,242.0,41132.70895072669,1.1702690126133348,0.32575028436433634,73862.30248306997
0.4,4668,714280,162.0,66.0,66.0,162.0,242.0,10054.175399022974,1.1251376037606735,0.3033419023136247,203100.0
5.4,17245,3386011,162.0,66.0,66.0,162.0,242.0,105835.31363852571,1.0069638931416707,0.32490576978834446,61877.777777777774
2.33,2721,344610,162.0,66.0,66.0,162.0,162.0,4896.499233573493,0.9810751303528005,0.47004777655273794,32806.86695278969
0.62,4765,769986,162.0,66.0,66.0,162.0,242.0,18822.696935352986,1.5824937281154832,0.2684155299055614,123290.32258064517
3.42,17846,2684973,162.0,66.0,66.0,162.0,242.0,10611.763813444872,1.2816095323800614,0.3237139975344615,100228.0701754386
6.98,9824,1287463,162.0,66.0,66.0,162.0,162.0,6072.383507871685,0.9551123671434494,0.44045195439739415,36971.34670487106
0.72,1046,136915,162.0,66.0,66.0,162.0,210.0,4489.817610746943,1.06995343492985,0.42638623326959846,37083.333333333336
4.11,28787,4790253,162.0,66.0,66.0,162.0,242.0,29705.958585421202,1.0045004726437798,0.288810921596554,118540.14598540145
1.1,3134,583361,162.0,66.0,66.0,162.0,242.0,101654.23741717025,1.1428581923705623,0.3484365028717294,58909.09090909091
5.7,11394,2824402,162.0,66.0,66.0,162.0,258.0,278418.79211739876,0.9716827355019222,0.4087238897665438,48736.84210526316
9.34,38684,6124374,162.0,66.0,66.0,162.0,242.0,23655.351820101587,1.2178711692544475,0.3234929169682556,79471.09207708779
4.46,7807,1025914,162.0,66.0,66.0,162.0,162.0,9134.122942843807,0.858246979189874,0.45023696682464454,47058.29596412556
2.44,23262,3833968,162.0,66.0,66.0,162.0,242.0,23605.481004557645,1.1944653679108561,0.2800705012466684,156221.31147540984
4.95,6887,931538,162.0,66.0,66.0,162.0,210.0,15431.799651572166,0.9487875751293385,0.4448961812109772,36921.21212121212
7.63,20514,2872312,162.0,66.0,66.0,162.0,210.0,6403.969384811704,0.794736220553621,0.36219167397874624,58285.71428571428
6.54,20942,3098914,162.0,66.0,66.0,162.0,242.0,10520.065226175837,0.9481117753077681,0.3450482284404546,66100.91743119266
5.4,24592,3978603,162.0,66.0,66.0,162.0,242.0,31372.851184431747,1.2539054976082085,0.314695836044242,85066.66666666666
6.57,11891,1581974,162.0,66.0,66.0,162.0,162.0,5652.559443595108,0.9640554563027725,0.42006559582877806,45324.200913242006
9.51,37762,6100571,162.0,66.0,66.0,162.0,242.0,30385.511194436192,1.0556818614512498,0.32455908055717386,76372.23974763407
8.27,30787,5972815,162.0,66.0,66.0,162.0,242.0,101768.14702278104,1.2018831421141534,0.3320882190534966,73799.27448609432
3.9,10234,2722031,162.0,66.0,66.0,162.0,274.0,262606.61330533866,0.9978209174311926,0.3683799101035763,58000.0
8.24,31983,5272032,162.0,66.0,66.0,162.0,242.0,34155.82132818818,1.2062569939010255,0.3172622955945346,72662.6213592233
2.26,8273,1246029,162.0,66.0,66.0,162.0,242.0,9393.047368048015,0.9546932724662918,0.3122204762480358,68176.99115044248
8.56,31225,4904706,162.0,66.0,66.0,162.0,242.0,22221.801807577303,1.0817389355628162,0.337582065652522,73212.6168224299
4.07,7197,1052102,162.0,66.0,66.0,162.0,242.0,25274.399125629534,1.1055979058136487,0.3925246630540503,41484.02948402948
4.28,3786,476372,162.0,66.0,66.0,162.0,162.0,5316.610550896637,0.9497392827615563,0.47358689910195456,25051.40186915888
4.79,18133,3405412,162.0,66.0,66.0,162.0,242.0,63872.99324182314,0.7632507406828262,0.32211989190977774,72651.35699373695
0.6,990,125276,162.0,66.0,66.0,162.0,162.0,3656.3371737577804,1.0338333658029741,0.4414141414141414,43700.0
3.54,5260,741047,162.0,66.0,66.0,162.0,162.0,32947.03109525221,0.9797416614348877,0.45114068441064636,39796.61016949152
0.15,228,29032,162.0,66.0,66.0,162.0,162.0,3653.2397660818724,1.1993939393939395,0.4298245614035088,39200.0
9.97,39706,7218293,162.0,66.0,66.0,162.0,242.0,66516.01974427483,0.908194407985435,0.3163249886667002,74930.79237713138
1.17,3942,563352,162.0,66.0,66.0,162.0,192.00000000000182,4192.44196094512,1.0099327824635014,0.30441400304414,61179.48717948718
7.85,27730,5365777,162.0,66.0,66.0,162.0,274.0,76008.37059078782,0.8073118672166746,0.3459430219978363,72810.19108280254
6.05,24251,4742483,162.0,66.0,66.0,162.0,242.0,157697.276008367,0.8593524686251525,0.31899715475650486,76016.52892561983
7.55,24896,4482123,162.0,66.0,66.0,162.0,258.0,81868.00499900765,0.9440209334340738,0.3220597686375321,62312.58278145696
2.56,3767,553244,162.0,66.0,66.0,162.0,242.0,20878.15431384096,0.9857647924480896,0.3973984603132466,34921.875
7.49,27333,4422867,162.0,66.0,66.0,162.0,242.0,31417.02715485223,1.2013250155286923,0.32085757143379795,69885.18024032042
1.77,4537,701191,162.0,66.0,66.0,162.0,242.0,24821.268931294424,0.8857939692546016,0.3500110204981265,53525.423728813555
7.79,12029,1595303,162.0,66.0,66.0,162.0,162.0,10727.973557529152,0.9313081249651947,0.4348657411256131,40051.34788189987
9.33,28494,4370764,162.0,66.0,66.0,162.0,242.0,20501.241166865355,0.9641976329488913,0.33750965115462905,61048.23151125402
5.86,25977,4223079,162.0,66.0,66.0,162.0,242.0,29640.787513075513,1.0852733963002026,0.3167417330715633,83590.44368600682
1.72,4342,608380,162.0,66.0,66.0,162.0,242.0,5225.39622820051,1.124484051877667,0.36734223859972365,55639.53488372093
4.75,5661,740943,162.0,66.0,66.0,162.0,162.0,10672.074514241165,0.9051295896328294,0.4615792262851086,32867.36842105263
8.53,34374,6286184,162.0,66.0,66.0,162.0,242.0,80803.23833566264,0.9672789066680854,0.32175481468551814,76811.25439624854
0.46,1039,382271,162.0,66.0,66.0,162.0,322.0,604033.8543650379,4.6679763952316,0.35803657362848895,48000.0
3.66,5631,1176796,162.0,66.0,66.0,162.0,242.0,216770.94401999534,2.1173816871746647,0.4265672171905523,39000.0
0.27,227,26982,66.0,66.0,66.0,162.0,162.0,3638.161967047682,1.0506155950752394,0.5154185022026432,25999.999999999996
5.19,19653,3234292,162.0,66.0,66.0,162.0,242.0,31538.56313333595,1.0842908025599534,0.3138452144710731,70219.65317919075
9.76,17849,2660391,162.0,66.0,66.0,162.0,242.0,24002.83061360097,1.149956845555577,0.39817356714661883,43469.26229508197
4.85,20542,3277762,162.0,66.0,66.0,162.0,242.0,29795.76397507026,1.300280713573905,0.31525654756109434,79397.9381443299
1.86,2734,376048,162.0,66.0,66.0,162.0,162.0,9408.730785058402,1.0579546760503258,0.4162399414776884,36645.161290322576
7.65,33110,5252396,162.0,66.0,66.0,162.0,242.0,22343.019584940637,1.219005029562675,0.31627906976744186,81709.80392156863
9.79,25166,3813200,162.0,66.0,66.0,162.0,242.0,24894.100112694294,1.067785985343512,0.3639434157196217,55838.610827374876
0.39,2241,338275,162.0,66.0,66.0,162.0,242.0,5626.997766861984,1.2326319680029567,0.28067826863007583,96461.53846153845
3.78,7537,1087314,162.0,66.0,66.0,162.0,242.0,14389.860247959166,0.983006149738472,0.38861616027597184,46492.06349206349
0.41,306,38020,66.0,66.0,66.0,162.0,162.0,5188.5657653039425,0.7949202152771221,0.5163398692810458,22829.26829268293
9.96,29701,8462427,162.0,66.0,66.0,162.0,274.0,334412.3386685766,1.9409088555395733,0.34564492778020944,60066.26506024096
9.68,25703,4494291,162.0,66.0,66.0,162.0,242.0,127702.03141826377,0.6589504993693517,0.3545889584873361,55989.669421487604
1.18,5007,1108921,162.0,66.0,66.0,162.0,242.0,190669.72366699402,1.410509177542627,0.3211503894547633,79271.18644067796
0.6,961,147482,130.0,66.0,66.0,162.0,226.0,82964.62769769177,1.3326163287255244,0.48803329864724243,46900.0
1.26,1083,144518,130.0,66.0,66.0,162.0,162.0,13423.304841293591,0.9070227758570637,0.494921514312096,25523.809523809523
8.57,14629,2918367,162.0,66.0,66.0,162.0,258.0,152969.6058712221,1.057278628916568,0.3954473990019824,39829.63827304551
7.89,21812,3191963,162.0,66.0,66.0,162.0,242.0,11366.59192123679,1.1186448215392744,0.3444434256372639,56562.73764258555
3.85,14674,2304200,162.0,66.0,66.0,162.0,242.0,23192.145022189492,1.255090885780361,0.3177729317159602,72296.1038961039
6.95,13699,1922401,162.0,66.0,66.0,162.0,226.0,12795.100206652258,1.0050867681447533,0.3898094751441711,45997.12230215828
5.0,15308,2465936,162.0,66.0,66.0,162.0,242.0,30488.079389672035,1.2727101804575032,0.33956101384896786,62016.0
4.6,13127,1895938,162.0,66.0,66.0,162.0,242.0,8042.404828223269,1.0882053292830811,0.3444808410147025,58826.08695652174
4.4,5737,732408,162.0,66.0,66.0,162.0,162.0,4820.798338561686,0.9638656949337967,0.45685898553250825,35495.454545454544
7.34,23709,3560439,162.0,66.0,66.0,162.0,242.0,14886.590062250792,1.158879388700145,0.3378042093719685,65370.572207084464
4.96,6530,844432,162.0,66.0,66.0,162.0,162.0,5687.167362227345,0.9889720343793649,0.43996937212863707,34475.8064516129
1.44,1898,232205,130.0,66.0,66.0,162.0,162.0,4165.113320160648,0.8305190300507678,0.4857744994731296,37916.666666666664
2.56,20440,3498286,162.0,66.0,66.0,162.0,242.0,32128.525052858637,1.052266930111299,0.286252446183953,136054.6875
7.93,14116,3332780,162.0,66.0,66.0,162.0,258.0,210372.01943581103,0.8671203775496027,0.4105979030886937,43656.99873896596
9.52,28527,4432459,162.0,66.0,66.0,162.0,242.0,22531.97934955997,1.01390550436248,0.34476110351596734,61619.74789915967
8.66,36582,5783740,162.0,66.0,66.0,162.0,242.0,20053.679257213727,1.035413708339272,0.3158657263134875,78588.91454965358
0.53,703,87710,130.0,66.0,66.0,162.0,162.0,3790.3844567784076,0.9799097065462754,0.44096728307254623,35094.339622641506
0.18,210,24084,66.0,66.0,66.0,162.0,162.0,3770.044081632653,0.5732950091455448,0.5476190476190477,38333.333333333336
2.6,3673,462575,162.0,66.0,66.0,162.0,162.0,5601.288717922985,0.8931224293519409,0.4631091750612578,39092.30769230769
9.74,49094,8061939,162.0,66.0,66.0,162.0,242.0,25822.876185664587,1.1410896321823452,0.30853057400089623,91503.08008213552
9.82,34040,5185637,162.0,66.0,66.0,162.0,242.0,16344.202857106486,1.1619486249027555,0.325117508813161,67032.5865580448
2.87,5078,673142,162.0,66.0,66.0,162.0,162.0,9473.536222871222,0.8489458013338168,0.4255612445844821,45010.452961672476
8.04,36445,6378231,162.0,66.0,66.0,162.0,242.0,52168.97194464373,0.761463945011617,0.30673617780216766,80962.68656716419
2.98,14126,3293338,162.0,66.0,66.0,162.0,256.0,203508.74390975543,1.210351814577697,0.3022794846382557,83295.30201342283
0.77,1986,261044,162.0,66.0,66.0,162.0,162.0,6231.374542238772,0.9185383349012229,0.4209466263846928,64675.32467532467
4.7,8150,1056854,162.0,66.0,66.0,162.0,162.0,4743.642569671421,1.0059332199580917,0.42552147239263804,44055.31914893617
9.47,50363,8184192,162.0,66.0,66.0,162.0,242.0,25828.55409565799,1.0345568230633382,0.3043702718265393,94973.60084477295
0.07,66,5588,66.0,66.0,66.0,66.0,162.0,1656.8888888888887,0.2512315270935961,0.8181818181818182,46285.71428571428
9.46,42320,7152024,162.0,66.0,66.0,162.0,242.0,40758.50505495979,1.0799335074942207,0.31042060491493384,81424.94714587738
1.22,2330,399185,162.0,66.0,66.0,162.0,226.0,73224.24049531214,0.7888559764464421,0.4133047210300429,46672.13114754099
5.71,10941,1842003,162.0,66.0,66.0,162.0,162.0,65288.519523078496,0.6546443149316584,0.4157755232611279,47327.49562171629
6.97,24028,4195122,162.0,66.0,66.0,162.0,242.0,44712.74367080452,0.5439346112102954,0.3316963542533711,68134.86370157819
6.25,28255,4258218,162.0,66.0,66.0,162.0,242.0,12825.832825307578,1.003195163222881,0.32468589630153954,86208.0
2.68,12649,1879735,162.0,66.0,66.0,162.0,242.0,8429.631302662601,0.9324066068838326,0.30120958178512136,83865.67164179105
8.89,36044,7357447,162.0,66.0,66.0,162.0,274.0,114058.055498959,1.0899237538056343,0.32374320275219176,76974.12823397075
5.94,33957,5278071,162.0,66.0,66.0,162.0,242.0,12734.721004701218,1.0883054883158545,0.29802397149335924,99565.65656565657
1.96,3411,441478,162.0,66.0,66.0,162.0,162.0,4009.391655345146,0.9790474995068945,0.42714746408677806,44571.42857142857
9.9,40114,6048175,162.0,66.0,66.0,162.0,242.0,12274.045575529917,1.1753795024610787,0.33070748367153613,79781.81818181818
5.48,18950,3160163,162.0,66.0,66.0,162.0,242.0,35186.31665243489,1.12873680133376,0.3221635883905013,65748.17518248175
2.42,11521,1703368,162.0,66.0,66.0,162.0,242.0,8524.032567512508,1.092623100860333,0.3206318895929173,89826.44628099173
0.39,2509,362765,162.0,66.0,66.0,162.0,162.0,12432.470670353567,1.01481263433843,0.2929453965723396,113076.92307692306
9.98,32159,5054485,162.0,66.0,66.0,162.0,242.0,25011.393321345153,1.0572184793266126,0.3353027146366491,64100.2004008016
